Film,Year,URL Encoded name,Director/Filmmaker Name,Director/Filmmaker IMDB Link,Location Display Text,LATITUDE,LONGITUDE,Borough,Neighborhood,Scene Type,Media,IMDB LINK,Client or book location indicator
*batteries not included,1987,%2Abatteries%20not%20included,Matthew Robbins,http://imdb.com/name/nm0730422/,E. 5th St.<br>East Village<br>Manhattan,40.7224452961828,-73.9786505699157,Manhattan,East Village,N/A,Film,http://imdb.com/title/tt0092494/,N/A
12 Angry Men,1957,12%20Angry%20Men,Sidney Lumet,http://imdb.com/name/nm0001486/,New York County Courthouse<br>40 Foley Square<br>Lower Manhattan,40.7137000000000,-74.0079000000000,Manhattan,Lower Manhattan,N/A,Film,http://imdb.com/title/tt0050083/,"New York County
Courthouse on Foley Square."
13 Going on 30,2004,13%20Going%20on%2030,Gary Winick,http://imdb.com/name/nm0935095/,W. 47th St. and Seventh Ave.<br>Times Square<br>Manhattan,40.7592204876521,-73.9846211671829,Manhattan,Times Square,N/A,Film,http://www.imdb.com/title/tt0337563/,"47th St. and 7th Ave. Times Square
Manhattan"
15 Minutes,2001,15%20Minutes,John Herzfeld,http://imdb.com/name/nm0381273/,E. 60-66th St. and Madison Ave.<br>Upper East Side<br>Manhattan,40.7661000000000,-73.9696000000000,Manhattan,Upper East Side,Chases,Film,http://www.imdb.com/title/tt0179626/,60-66th and Madison
25th Hour,2002,25th%20Hour,Spike Lee,http://www.imdb.com/name/nm0000490/,World Trade Center<br>Lower Manhattan,40.7117926273691,-74.0123283863067,Manhattan,Lower Manhattan,N/A,Film,http://www.imdb.com/title/tt0307901/,World Trade Center
25th Hour,2002,25th%20Hour,Spike Lee,http://www.imdb.com/name/nm0000490/,Carl Schurz Park<br>Upper East Side<br>Manhattan,40.7750655922650,-73.9431273937225,Manhattan,Upper East Side,N/A,Film,http://www.imdb.com/title/tt0307901/,Carl Schurz Park btwn 84th and 85th and promenade
A Perfect Murder,1998,A%20Perfect%20Murder,Andrew Davis,http://imdb.com/name/nm0001112/,Long Island City,40.74607025,-73.95038009,Queens,Queens,N/A,Film,http://www.imdb.com/title/tt0120787/,Long Island City
A Thousand Clowns,1965,A%20Thousand%20Clowns,Fred Coe,http://imdb.com/name/nm0168641/,Statue of Liberty<br>Liberty Island<br>New York Harbor,40.6895873134383,-74.0437960624694,Manhattan,New York Harbor,N/A,Film,http://www.imdb.com/title/tt0059798/,"Statue of Liberty, Liberty Island, New York Harbor"
Across the Sea of Time,1997,Across%20the%20Sea%20of%20Time,Stephen Low,http://imdb.com/name/nm0522844/,New York Harbor,40.6989909067436,-74.0384960174560,Manhattan,New York Harbor,N/A,Film,http://imdb.com/title/tt0112286/,
After Hours,1985,After%20Hours,Martin Scorsese,http://imdb.com/name/nm0000217/,Mercer and Grand<br>SoHo<br>Manhattan,40.7213000000000,-74.0015000000000,Manhattan,SoHo,N/A,Film,http://www.imdb.com/title/tt0088680/,SoHo
Alice,1990,Alice,Woody Allen,http://www.imdb.com/name/nm0000095/,E. 95th St. off Madison Ave.<br>Upper East Side<br>Manhattan,40.7866000000000,-73.9547000000000,Manhattan,Upper East Side,N/A,Film,http://www.imdb.com/title/tt0099012/,95th Street off Madison Avenue
American Psycho,2000,American%20Psycho,Mary Harron,http://www.imdb.com/name/nm0366004/,Chinatown<br>Manhattan,40.7162165380157,-73.9980804920196,Manhattan,Chinatown,N/A,Film,http://www.imdb.com/title/tt0144084/,Chinatown
An Unmarried Woman,1978,An%20Unmarried%20Woman,Paul Mazursky,http://imdb.com/name/nm0005196/,Mercer St. between Spring and Broome<br>SoHo<br>Manhattan,40.7225591322924,-74.0002906322479,Manhattan,SoHo,N/A,Film,http://www.imdb.com/title/tt0078444/,SoHo
Annie Hall,1977,Annie%20Hall,Woody Allen,http://www.imdb.com/name/nm0000095/,Coney Island<br>Brooklyn,40.5736092162742,-73.9759683609008,Brooklyn,Brooklyn,N/A,Film,http://www.imdb.com/title/tt0075686/,Coney Island boardwalk
Annie Hall,1977,Annie%20Hall,Woody Allen,http://www.imdb.com/name/nm0000095/,Pier 11<br>Manhattan,40.7042046109406,-74.0060251951217,Manhattan,Lower Manhattan,N/A,Film,http://www.imdb.com/title/tt0075686/,Pier 11
Annie Hall,1977,Annie%20Hall,Woody Allen,http://www.imdb.com/name/nm0000095/,Foot of 59th St. Bridge<br>Upper East Side<br>Manhattan,40.7578064331838,-73.9596283435821,Manhattan,Midtown,N/A,Film,http://www.imdb.com/title/tt0075686/,foot of 58th street bridge
Annie Hall,1977,Annie%20Hall,Woody Allen,http://www.imdb.com/name/nm0000095/,E. 68th St. between Park Ave. and Madison Ave.<br>Upper East Side<br>Manhattan,40.7689067645632,-73.9666020870208,Manhattan,Upper East Side,N/A,Film,http://www.imdb.com/title/tt0075686/,68th Street bet Park and Madison Aves
Annie Hall,1977,Annie%20Hall,Woody Allen,http://www.imdb.com/name/nm0000095/,W. 95th St.<br>Upper West Side<br>Manhattan,40.7916379656320,-73.9665377140045,Manhattan,Upper West Side,N/A,Film,http://www.imdb.com/title/tt0075686/,West 95th Street
Arthur,1981,Arthur,Steve Gordon,http://imdb.com/name/nm0330619/,Bergdorf's at 754 Fifth Ave.<br>Midtown<br>Manhattan,40.7633340000000,-73.9738910000000,Manhattan,Midtown,N/A,Film,http://www.imdb.com/title/tt0082031/,"in front of Bergorf's, 5th Ave at 58th street"
As Good As It Gets,1997,As%20Good%20As%20It%20Gets,James L. Brooks,http://imdb.com/name/nm0000985/,Sixth Ave. between 11th St. and 12th St.<br>West Village<br>Manhattan,40.7354050994831,-73.9983165264129,Manhattan,West Village,N/A,Film,http://imdb.com/title/tt0119822/,Sixth Avenue btwn 11th ansd 12th St east side of 6th Ave
Barefoot in the Park,1967,Barefoot%20in%20the%20Park,Gene Saks,http://imdb.com/name/nm0757256/,Washington Square Park<br>West Village<br>Manhattan,40.7307222999436,-73.9965140819549,Manhattan,West Village,N/A,Film,http://www.imdb.com/title/tt0061385/,Washington Square Park
Barefoot in the Park,1967,Barefoot%20in%20the%20Park,Gene Saks,http://imdb.com/name/nm0757256/,Greenwich St. and Christopher St.<br>Greenwich Village<br>Manhattan,40.7331125200550,-74.0074145793914,Manhattan,SoHo,N/A,Film,http://www.imdb.com/title/tt0061385/,Greenwhich Street near Christopher Street
Basquiat,1996,Basquiat,Julian Schnabel,http://imdb.com/name/nm0773603/,Lower East Side<br>Manhattan,40.7181844332103,-73.9888536930084,Manhattan,Lower East Side,N/A,Film,http://www.imdb.com/title/tt0115632/,[Ludlow below Delancy ] Lower East Side
Bed of Roses,1996,Bed%20of%20Roses,Michael Goldenberg,http://imdb.com/name/nm0325533/,Chelsea,40.74324155,-74.00196433,Manhattan,Chelsea,Rooftops,Film,http://www.imdb.com/title/tt0115644/,chelsea (midtown)
BIG,1988,BIG,Penny Marshall,http://imdb.com/name/nm0001508/,F.A.O. Schwarz at 767 Fifth Ave.<br>Midtown<br>Manhattan,40.7640530000000,-73.9729780000000,Manhattan,Midtown,N/A,Film,http://www.imdb.com/title/tt0094737/,F.A.O. Schwarz - 58th and Fifth Avenue
Blue in the Face,1995,Blue%20in%20the%20Face,"Paul Auster,Wayne Wang","http://imdb.com/name/nm0000808/,http://imdb.com/name/nm0911061/",Prospect Park West and 16th St.<br>Windsor Terrace<br>Brooklyn,40.6574944777108,-73.9740693569183,Brooklyn,Brooklyn,N/A,Film,http://www.imdb.com/title/tt0112541/,Prospect Park West and 16th Street in Windsor Terrace
Breakfast at Tiffany's,1961,Breakfast%20at%20Tiffany%27s,Blake Edwards,http://imdb.com/name/nm0001175/,Tiffany & Co. at 727 Fifth Ave.<br>Midtown<br>Manhattan,40.7625100000000,-73.9741420000000,Manhattan,Midtown,N/A,Film,http://www.imdb.com/title/tt0054698/,Tiffany & Co. - 727 Fifth Avenue at 57th Street
Breakfast at Tiffany's,1961,Breakfast%20at%20Tiffany%27s,Blake Edwards,http://imdb.com/name/nm0001175/,E. 71st St.<br>Upper East Side<br>Manhattan,40.7713606139352,-73.9664304256439,Manhattan,Upper East Side,N/A,Film,http://www.imdb.com/title/tt0054698/,Tiffany & Co. - 727 Fifth Avenue at 57th Street
Breakfast at Tiffany's,1961,Breakfast%20at%20Tiffany%27s,Blake Edwards,http://imdb.com/name/nm0001175/,Central Park Mall<br>Manhattan,40.7732131289256,-73.9712798595428,Manhattan,Central Park,N/A,Film,http://www.imdb.com/title/tt0054698/,Tiffany & Co. - 727 Fifth Avenue at 57th Street
Broadway Danny Rose,1984,Broadway%20Danny%20Rose,Woody Allen,http://www.imdb.com/name/nm0000095/,Carnegie Deli at 854 Seventh Ave.<br>Midtown<br>Manhattan,40.7640730000000,-73.9812880000000,Manhattan,Midtown,N/A,Film,http://www.imdb.com/title/tt0087003/,Carnegie Deli - 7th Avenue at 55th Street
Cagney & Lacey,1982-1988,Cagney%20%26%20Lacey,"Barbara Avedon,Barbara Corday,(more)","http://imdb.com/name/nm0042853/,http://imdb.com/name/nm0179400/,http://imdb.com/title/tt0083395/fullcredits#writers",Howard Beach<br>Queens,40.6655354110279,-73.8412570953369,Queens,Queens,N/A,TV,http://imdb.com/title/tt0083395/,Howard Beach 
Center Stage,2000,Center%20Stage,Nicholas Hytner,http://imdb.com/name/nm0405336/,American Ballet Theater<br>890 Broadway<br>Manhattan,40.7386410000000,-73.9897740000000,Manhattan,Midtown,N/A,Film,http://www.imdb.com/title/tt0210616/,American Ballet Theater: 890 Broadway
Chasing Amy,1997,Chasing%20Amy,Kevin Smith,http://imdb.com/name/nm0003620/,269 E. Houston St.<br>Lower East Side<br>Manhattan,40.7215160000000,-73.9846160000000,Manhattan,Lower East Side,N/A,Film,http://www.imdb.com/title/tt0118842/,269 East Houston Street
Chelsea Walls,2001,Chelsea%20Walls,Ethan Hawke,http://imdb.com/name/nm0000160/,Chelsea Hotel on W. 23rd St.<br>Chelsea<br>Manhattan,40.7442870000000,-73.9964970000000,Manhattan,Midtown,N/A,Film,http://www.imdb.com/title/tt0226935/,"Chelsea Hotel, 23rd street"
Clockers,1995,Clockers,Spike Lee,http://www.imdb.com/name/nm0000490/,Gowanus Houses<br>Brooklyn,40.6841527980685,-73.9880490303039,Brooklyn,Brooklyn,N/A,Film,http://www.imdb.com/title/tt0112688/,"Gowanus Houses: Wycoff, Douglass, Bond and Hoyt streets"
Coogan's Bluff,1968,Coogan%27s%20Bluff,Don Siegel,http://imdb.com/name/nm0796923/,Fort Tryon Park<br>Manhattan,40.8594603138554,-73.9340829849243,Manhattan,Fort George,N/A,Film,http://www.imdb.com/title/tt0062824/,Fort Tyron Park
Cotton Comes to Harlem,1970,Cotton%20Comes%20to%20Harlem,Ossie Davis,http://imdb.com/name/nm0001115/,Harlem,40.80650084,-73.93928647,Manhattan,Harlem,N/A,Film,http://imdb.com/title/tt0065579/,Harlem
Crocodile Dundee,1986,Crocodile%20Dundee,Peter Faiman,http://imdb.com/name/nm0265363/,Fifth Ave. and 53rd St.<br>Midtown<br>Manhattan,40.7604000000000,-73.9758000000000,Manhattan,Midtown,N/A,Film,http://imdb.com/title/tt0090555/,Fifth Avenue
Crocodile Dundee II,1988,Crocodile%20Dundee%20II,John Cornell,http://imdb.com/name/nm0180259/,"Chambers St. near Centre St.<br>Lower Manhattan
",40.7134520000000,-74.0043730000000,Manhattan,SoHo,N/A,Film,http://www.imdb.com/title/tt0092493/,Chambers St bet Elk St and Centre St
Crooklyn,1994,Crooklyn,Spike Lee,http://www.imdb.com/name/nm0000490/,Stuyvesant Ave. and Macon St.<br>Brooklyn,40.6831114032117,-73.9320552349090,Brooklyn,Brooklyn,N/A,Film,http://www.imdb.com/title/tt0109504/,Brooklyn - streets TK
Crossing Delancey,1988,Crossing%20Delancey,Joan Micklin Silver,http://imdb.com/name/nm0798717/,35 Essex St.<br>Lower East Side<br>Manhattan,40.7160500000000,-73.9897490000000,Manhattan,Lower East Side,New York Moments,Film,http://www.imdb.com/title/tt0094921/,35 Essex Street
Cruising,1980,Cruising,William Friedkin,http://imdb.com/name/nm0001243/,West Village<br>Manhattan,40.7289824258668,-74.0008378028869,Manhattan,West Village,N/A,Film,http://www.imdb.com/title/tt0080569/,Central Park
Cruising,1980,Cruising,William Friedkin,http://imdb.com/name/nm0001243/,Central Park<br>Manhattan,40.7792090732745,-73.9711833000183,Manhattan,Central Park,N/A,Film,http://www.imdb.com/title/tt0080569/,Central Park
Death to Smoochy,2002,Death%20to%20Smoochy,Danny DeVito,http://imdb.com/name/nm0000362/,Seventh Ave. and 48th St.<br>Times Square<br>Manhattan,40.7598000000000,-73.9842000000000,Manhattan,Times Square,N/A,Film,http://www.imdb.com/title/tt0266452/,Times Square
Death Wish,1974,Death%20Wish,Michael Winner,http://imdb.com/name/nm0935382/,Subway Station near Court St.<br>Brooklyn,40.6938000000000,-73.9904000000000,Brooklyn,Brooklyn,The Subway,Film,http://www.imdb.com/title/tt0071402/,Subway near Court St.
Desperately Seeking Susan,1985,Desperately%20Seeking%20Susan,Susan Seidelman,http://imdb.com/name/nm0782384/,St. Marks Place<br>East Village<br>Manhattan,40.7291710000000,-73.9893900000000,Manhattan,East Village,N/A,Film,http://www.imdb.com/title/tt0089017/,St. Marks Place
Desperately Seeking Susan,1985,Desperately%20Seeking%20Susan,Susan Seidelman,http://imdb.com/name/nm0782384/,George Washington Bus Terminal<br>Manhattan,40.8492840000000,-73.9369660000000,Manhattan,Fort George,N/A,Film,http://www.imdb.com/title/tt0089017/,George Washington Bus Terminal (uptown Port Authority)
Die Hard: With a Vengeance,1995,Die%20Hard%3A%20With%20a%20Vengeance,John McTiernan,http://imdb.com/name/nm0001532/,Central Park South<br>Manhattan,40.7670541295091,-73.9789938926696,Manhattan,Central Park,Chases,Film,http://www.imdb.com/title/tt0112864/,CPS btwn 6th and 7th Ave
Do the Right Thing,1989,Do%20the%20Right%20Thing,Spike Lee,http://www.imdb.com/name/nm0000490/,Stuyvesant Ave.<br>Bedford-Stuyvesant<br>Brooklyn,40.6893107170727,-73.9332890510559,Brooklyn,Brooklyn,N/A,Film,http://www.imdb.com/title/tt0097216/,"Stuyvesant Avenue
Bedford-Stuyvesant
Brooklyn"
Dog Day Afternoon,1972,Dog%20Day%20Afternoon,Sidney Lumet,http://imdb.com/name/nm0001486/,Prospect Park South and 16th St.<br>Brooklyn,40.6572503046534,-73.9742195606231,Brooklyn,Brooklyn,N/A,Film,http://www.imdb.com/title/tt0072890/,Park Slope
Downtown 81 / New York Beat Movie,1981,Downtown%2081%20%2F%20New%20York%20Beat%20Movie,Edo Bertoglio,http://imdb.com/name/nm0078166/,The Empire State Building<br>Midtown<br>Manhattan,40.7483461227418,-73.9848840236663,Manhattan,Midtown,N/A,Film,http://www.imdb.com/title/tt0208993/,"The Empire State building, 34th St and 5th Avenue"
Downtown 81 / New York Beat Movie,1981,Downtown%2081%20%2F%20New%20York%20Beat%20Movie,Edo Bertoglio,http://imdb.com/name/nm0078166/,Guggenheim Museum<br>Upper East Side<br>Manhattan,40.7829720000000,-73.9593760000000,Manhattan,Upper East Side,N/A,Film,http://www.imdb.com/title/tt0208993/,"Guggenheim Musem, 88th St and 5th Avenue"
Eternal Sunshine of the Spotless Mind,2004,Eternal%20Sunshine%20of%20the%20Spotless%20Mind,Michel Gondry,http://imdb.com/name/nm0327273/,Orchard St. and Rivington St.<br>Lower East Side<br>Manhattan,40.7203000000000,-73.9891000000000,Manhattan,Lower East Side,N/A,Film,http://www.imdb.com/title/tt0338013/,Orchard Street
Fame,1980,Fame,Alan Parker,http://imdb.com/name/nm0000570/,High School of the Performing Arts<br>120 W. 46th St.<br>Manhattan,40.7575660000000,-73.9830470000000,Manhattan,Times Square,N/A,Film,http://www.imdb.com/title/tt0080716/,46th street bet 6th ave and broadway
Fame,1980,Fame,Alan Parker,http://imdb.com/name/nm0000570/,W. 59th St. and Tenth Ave.<br>Upper West Side<br>Manhattan,40.7704000000000,-73.9876000000000,Manhattan,Upper West Side,N/A,Film,http://www.imdb.com/title/tt0080716/,59th Street and 10th Avenue
Ferry Tales,2003,Ferry%20Tales,Katja Esson,http://imdb.com/name/nm1534515/,St. George Station<br>Staten Island,40.6445683555248,-74.0727210044860,Staten Island,Staten Island,N/A,Film,http://www.imdb.com/title/tt0363607/,Staten Island Ferry Terminal St. George
Force of Evil,1948,Force%20of%20Evil,Abraham Polonsky,http://imdb.com/name/nm0689796/,George Washington Bridge<br>Manhattan,40.8493652358538,-73.9424729347229,Manhattan,Washington Heights,N/A,Film,http://imdb.com/title/tt0040366/,near the George Washington Bridge
Fort Apache the Bronx,1981,Fort%20Apache%20the%20Bronx,Daniel Petrie,http://imdb.com/name/nm0677951/,A South Bronx rooftop<br>The Bronx,40.8174468845588,-73.9088487625122,The Bronx,The Bronx,Rooftops,Film,http://imdb.com/title/tt0082402/,South Bronx rooftop
Ghostbusters,1984,Ghostbusters,Ivan Reitman,http://imdb.com/name/nm0718645/,Columbus Circle<br>Upper West Side<br>Manhattan,40.7681267139935,-73.9819550514221,Manhattan,Upper West Side,N/A,Film,http://www.imdb.com/title/tt0087332/,Columbus Circle
Ghostbusters,1984,Ghostbusters,Ivan Reitman,http://imdb.com/name/nm0718645/,W. 66th St. and Central Park West<br>Upper West Side<br>Manhattan,40.7724000000000,-73.9787000000000,Manhattan,Upper West Side,N/A,Film,http://www.imdb.com/title/tt0087332/,66th Street and Central Park West
Godspell,1973,Godspell,David Greene,http://imdb.com/name/nm0338719/,World Trade Center<br>Lower Manhattan,40.7122643083124,-74.0112394094467,Manhattan,Lower Manhattan,N/A,Film,http://www.imdb.com/title/tt0070121/,Roof of WTC
Godspell,1973,Godspell,David Greene,http://imdb.com/name/nm0338719/,Times Square<br>Manhattan,40.7593180075412,-73.9848464727401,Manhattan,Times Square,N/A,Film,http://www.imdb.com/title/tt0070121/,"Accutron Watch Sign, Times Square"
Godspell,1973,Godspell,David Greene,http://imdb.com/name/nm0338719/,Lincoln Center<br>Upper West Side<br>Manhattan,40.7723031280163,-73.9833766222000,Manhattan,Upper West Side,N/A,Film,http://www.imdb.com/title/tt0070121/,Lincoln Center - Columbus Avenue & 61st Street
Godspell,1973,Godspell,David Greene,http://imdb.com/name/nm0338719/,Lincoln Center Plaza<br>Upper West Side<br>Manhattan,40.7733512529741,-73.9836877584457,Manhattan,Upper West Side,N/A,Film,http://www.imdb.com/title/tt0070121/,"Empire Diner, Tenth Ave at 22nd Street"
Godspell,1973,Godspell,David Greene,http://imdb.com/name/nm0338719/,Bethesda Fountain<br>Central Park<br>Manhattan,40.7743668621601,-73.9707863330841,Manhattan,Central Park,N/A,Film,http://www.imdb.com/title/tt0070121/,"Betheda Fountain, Central Park"
Godspell,1973,Godspell,David Greene,http://imdb.com/name/nm0338719/,Ramble<br>Central Park<br>Manhattan,40.7764630304290,-73.9709794521331,Manhattan,Central Park,N/A,Film,http://www.imdb.com/title/tt0070121/,"Ramble, Central Park"
Godspell,1973,Godspell,David Greene,http://imdb.com/name/nm0338719/,Under Triboro Bridge<br>Randalls Island,40.7845708415303,-73.9294481277465,Manhattan,Randall's Island,N/A,Film,http://www.imdb.com/title/tt0070121/,"Under Triboro Bridge, Randalls Island"
Godspell,1973,Godspell,David Greene,http://imdb.com/name/nm0338719/,Soldiers and Sailor's Monument<br>Riverside Park (at 89th St.)<br>Manhattan,40.7923040236013,-73.9787739515304,Manhattan,Upper West Side,N/A,Film,http://www.imdb.com/title/tt0070121/,"Soldiers and Sailor's Monument, 89th street Riverside Park"
Godzilla,1988,Godzilla,Roland Emmerich,http://imdb.com/name/nm0000386/,Madison Square Garden<br>Midtown<br>Manhattan,40.7503455788795,-73.9914983510971,Manhattan,Midtown,N/A,Film,http://www.imdb.com/title/tt0120685/,Madison Square Garden
Goodfellas,1990,Goodfellas,Martin Scorsese,http://imdb.com/name/nm0000217/,24-13 32nd St.<br>Astoria<br>Queens,40.7714824915087,-73.9152163267135,Queens,Queens,N/A,Film,http://imdb.com/title/tt0099685/,Queens
Green Card,1990,Green%20Card,Peter Weir,http://imdb.com/name/nm0001837/,W. 76th St & Columbus<br>Upper West Side<br>Manhattan,40.7800000000000,-73.9769000000000,Manhattan,Upper West Side,Rooftops,Film,http://www.imdb.com/title/tt0099699/,West 76th Street
Greetings,1968,Greetings,Brian De Palma,http://imdb.com/name/nm0000361/,39 Whitehall St.<br>Lower Manhattan,40.7029510000000,-74.0127770000000,Manhattan,Lower Manhattan,N/A,Film,http://www.imdb.com/title/tt0063036/,39 Whitehall Street
Hair,1979,Hair,Milos Forman,http://imdb.com/name/nm0001232/,Sheep's Meadow<br>Central Park<br>Manhattan,40.7717993721535,-73.9748847484588,Manhattan,Central Park,N/A,Film,http://www.imdb.com/title/tt0079261/,Central Park
Hannah and Her Sisters,1986,Hannah%20and%20Her%20Sisters,Woody Allen,http://www.imdb.com/name/nm0000095/,Spring St. and Green St.<br>SoHo<br>Manhattan,40.7238000000000,-74.0004000000000,Manhattan,SoHo,N/A,Film,http://www.imdb.com/title/tt0091167/,SoHo
Hannah and Her Sisters,1986,Hannah%20and%20Her%20Sisters,Woody Allen,http://www.imdb.com/name/nm0000095/,W. 95th St. and West End Ave.<br>Upper West Side<br>Manhattan,40.7946000000000,-73.9737000000000,Manhattan,Upper West Side,N/A,Film,http://www.imdb.com/title/tt0091167/,95th Street and West End Avenue
Hannah and Her Sisters,1986,Hannah%20and%20Her%20Sisters,Woody Allen,http://www.imdb.com/name/nm0000095/,Metro Theatre (2626 Broadway)<br>Upper West Side<br>Manhattan,40.7967660000000,-73.9699470000000,Manhattan,Upper West Side,N/A,Film,http://www.imdb.com/title/tt0091167/,"Metro Theatre, 101st and Broadway"
Heights,2005,Heights,Chris Terrio,http://imdb.com/name/nm0006516/,Municipal Building<br>1 Centre St.<br>Lower Manhattan,40.7130206173333,-74.0033751726150,Manhattan,Lower Manhattan,Rooftops,Film,http://imdb.com/title/tt0382073/,Municipal Building
Hitch,2005,Hitch,Andy Tennant,http://imdb.com/name/nm0855035/,Spring St. and Greene St.<br>SoHo<br>Manhattan,40.7238000000000,-74.0004000000000,Manhattan,SoHo,N/A,Film,http://www.imdb.com/title/tt0386588/,"Greene and Spring Streets, SoHo"
Hudson Hawk,1991,Hudson%20Hawk,Michael Lehmann,http://imdb.com/name/nm0499724/,Brooklyn Bridge,40.7031065948382,-73.9931881427764,Brooklyn,Brooklyn,N/A,Film,http://www.imdb.com/title/tt0102070/,Brooklyn Bridge ramp on Brooklyn side
I Like It Like That,1994,I%20Like%20It%20Like%20That,Darnell Martin,http://imdb.com/name/nm0552140/,170th St. in Morrisania<br>The Bronx,40.8387004363497,-73.9137303829193,The Bronx,The Bronx,The Subway,Film,http://www.imdb.com/title/tt0110091/,170th Street in Morrisania
I Shot Andy Warhol,1996,I%20Shot%20Andy%20Warhol,Mary Harron,http://www.imdb.com/name/nm0366004/,W. 20th St. <br>Chelsea<br>Manhattan,40.7405346630455,-73.9930325746536,Manhattan,Chelsea,N/A,Film,http://www.imdb.com/title/tt0116594/,West 20th bet Fifth and Sixth Ave
Inside Man,2006,Inside%20Man,Spike Lee,http://www.imdb.com/name/nm0000490/,William St. and Wall St.<br>Lower Manhattan,40.7064000000000,-74.0095000000000,Manhattan,Lower Manhattan,N/A,Film,http://imdb.com/title/tt0454848/,William Street toward Wall Street
It Could Happen to You,1994,It%20Could%20Happen%20to%20You,Andrew Bergman,http://imdb.com/name/nm0000921/,W. Broadway and N. Moore St.<br>TriBeCa<br>Manhattan,40.7197000000000,-74.0059000000000,Manhattan,TriBeCa,N/A,Film,http://www.imdb.com/title/tt0110167/,West Broadway and North Moore Street
Jeremy,1973,Jeremy,Arthur Barron,http://imdb.com/name/nm0057634/,Central Park<br>Manhattan,40.7747487271979,-73.9725083112716,Manhattan,Central Park,N/A,Film,http://www.imdb.com/title/tt0070238/,Central Park
Jumpin' at the Boneyard,1992,Jumpin%27%20at%20the%20Boneyard,Jeff Stanzler,http://imdb.com/name/nm0822863/,Burned-out blocks in the Bronx,40.8343820842596,-73.9199316501617,The Bronx,The Bronx,N/A,Film,http://imdb.com/title/tt0102174/,burned-out blocks in the Bronx
Jungle Fever,1991,Jungle%20Fever,Spike Lee,http://www.imdb.com/name/nm0000490/,Bensonhurst<br>Brooklyn,40.6019000000000,-73.9938000000000,Brooklyn,Brooklyn,New York Moments,Film,http://www.imdb.com/title/tt0102175/,Bensonhurst
Jungle Fever,1991,Jungle%20Fever,Spike Lee,http://www.imdb.com/name/nm0000490/,Strivers' Row<br>Harlem<br>Manhattan,40.8180396083858,-73.9442163705825,Manhattan,Harlem,N/A,Film,,"Strivers' Row, 138th st bet Powell and Douglass blvds"
Kids,1995,Kids,Larry Clark,http://imdb.com/name/nm0164187/,Washington Square Park<br>West Village<br>Manhattan,40.7310718953207,-73.9968627691268,Manhattan,West Village,N/A,Film,http://www.imdb.com/title/tt0113540/,Washington Square Park
Killer's Kiss,1957,Killer%27s%20Kiss,Stanley Kubrick,http://imdb.com/name/nm0000040/,Rooftops<br>Lower Manhattan,40.7082142493220,-74.0136587619781,Manhattan,Lower Manhattan,N/A,Film,http://imdb.com/title/tt0048254/,Rooftops of lower Manhattan
King Kong,1976,King%20Kong,John Guillermin,http://imdb.com/name/nm0347086/,World Trade Center<br>Lower Manhattan,40.7125489417478,-74.0147799253463,Manhattan,Lower Manhattan,N/A,Film,http://www.imdb.com/title/tt0074751/,World Trade Center
Kissing Jessica Stein,2001,Kissing%20Jessica%20Stein,Charles Herman-Wurmfeld,http://imdb.com/name/nm0379237/,E. 6th St.<br>East Village<br>Manhattan,40.7255000000000,-73.9840000000000,Manhattan,East Village,N/A,Film,http://www.imdb.com/title/tt0264761/,East 6th Street
Klute,1971,Klute,Alan J. Pakula,http://imdb.com/name/nm0001587/,World Trade Center<br>Lower Manhattan,40.7112640154449,-74.0112930536270,Manhattan,Lower Manhattan,N/A,Film,http://www.imdb.com/title/tt0067309/,World Trade Center
Klute,1971,Klute,Alan J. Pakula,http://imdb.com/name/nm0001587/,Hell's Kitchen<br>Ninth Ave.<br>Manhattan,40.7616096837484,-73.9903128147125,Manhattan,Midtown,N/A,Film,http://www.imdb.com/title/tt0067309/,Ninth Avenue in the 40s
Klute,1971,Klute,Alan J. Pakula,http://imdb.com/name/nm0001587/,123rd St.<br>Harlem<br>Manhattan,40.8009134398031,-73.9333695173263,Manhattan,Harlem,N/A,Film,http://www.imdb.com/title/tt0067309/,123rd Street near First Avenue
Kojak,1973-1978,Kojak,"Abby Mann,(more)","http://imdb.com/name/nm0542631/,http://imdb.com/title/tt0069599/fullcredits#writers",60 Baxter St.<br>Lower Manhattan,40.7158470000000,-74.0005470000000,Manhattan,Lower Manhattan,N/A,TV,http://imdb.com/title/tt0069599/,Lincoln Center
Kojak,1973-1978,Kojak,"Abby Mann,(more)","http://imdb.com/name/nm0542631/,http://imdb.com/title/tt0069599/fullcredits#writers",Lincoln Center<br>Upper West Side<br>Manhattan,40.7724087537612,-73.9837628602981,Manhattan,Upper West Side,N/A,TV,http://imdb.com/title/tt0069599/,Lincoln Center
Kramer vs. Kramer,1979,Kramer%20vs%2E%20Kramer,Robert Benton,http://imdb.com/name/nm0000914/,P.S. 6 (45 E. 81st St.)<br>Upper East Side<br>Manhattan,40.7775540000000,-73.9606940000000,Manhattan,Upper East Side,N/A,Film,http://www.imdb.com/title/tt0079417/,P.S. 6 - Madison Avenue and 81st street
Law & Order,1988- Today,Law%20%26%20Order,"Dick Wolf,(more)","http://imdb.com/name/nm0937725/,http://imdb.com/title/tt0098844/fullcredits#writers",Worth St.<br>Lower Manhattan,40.7171000000000,-74.0063000000000,Manhattan,Lower Manhattan,N/A,TV,http://imdb.com/title/tt0098844/,"2 locations:
- Central Park
- Worth Street"
Little Fugitive,1953,Little%20Fugitive,"Morris Engel,Ruth Orkin,(more)","http://imdb.com/name/nm0257129/,http://imdb.com/name/nm0257129/,http://imdb.com/title/tt0046004/fullcredits#directors",Coney Island<br>Brooklyn,40.5746360217693,-73.9808070659637,Brooklyn,Brooklyn,N/A,Film,http://imdb.com/title/tt0046004/,Coney Island
Little Manhattan,2005,Little%20Manhattan,Mark Levin,http://imdb.com/name/nm0505662/,Christopher St. Station<br>Sheridan Square<br>Manhattan,40.7336084393223,-74.0027958154678,Manhattan,West Village,The Subway,Film,http://www.imdb.com/title/tt0412922/,Sheridan Square/Christopher Street Station
LUV,1967,LUV,Clive Donner,http://imdb.com/name/nm0232795/,Manhattan Bridge<br>Brooklyn,40.7050748775105,-73.9896100759506,Brooklyn,Brooklyn,N/A,Film,http://www.imdb.com/title/tt0061927/,Manhattan Bridge
Mad Hot Ballroom,2005,Mad%20Hot%20Ballroom,Marilyn Agrelo,http://imdb.com/name/nm1802009/,Washington Heights<br>Harlem<br>Manhattan,40.8322877445507,-73.9463353157043,Manhattan,Harlem,N/A,Film,http://www.imdb.com/title/tt0438205/,Washington Heights
Malcolm X,1992,Malcolm%20X,Spike Lee,http://www.imdb.com/name/nm0000490/,"Adjacent to Apollo Theater,<br>W. 125th St. between 7th and 8th Aves<br>Harlem, Manhattan",40.8100380000000,-73.9504500000000,Manhattan,Harlem,N/A,Film,http://www.imdb.com/title/tt0104797/,"Adjacent to Apollo Theater, 125th Street bet 7th and 8th Aves"
Man Push Cart,2005,Man%20Push%20Cart,Ramin Bahrani,http://imdb.com/name/nm1023919/,Midtown<br>Manhattan,40.7552,-73.9733,Manhattan,Midtown,N/A,Film,http://imdb.com/title/tt0464105/,N/A
Manhattan,1979,Manhattan,Woody Allen,http://www.imdb.com/name/nm0000095/,MoMA<br>W. 53rd St.<br>Manhattan,40.7611383525427,-73.9772021770477,Manhattan,Midtown,N/A,Film,http://www.imdb.com/title/tt0079522/,"MoMA, 53rd St bet 5th and 6th Aves"
Marty,1955,Marty,Delbert Mann,http://imdb.com/name/nm0542720/,The Bronx,40.8397420000000,-73.8809230000000,The Bronx,The Bronx,N/A,Film,http://imdb.com/title/tt0048356/,Bronx store
McCloud,1970-1977,McCloud,"Lou Antonio,Jack Arnold,(more)","http://imdb.com/name/nm0031398/,http://imdb.com/name/nm0000791/,http://imdb.com/title/tt0065317/fullcredits#writers",Manhattan,40.75728631,-74.00074124,Manhattan,Midtown,N/A,TV,http://imdb.com/title/tt0065317/,N/A
Mean Streets,1973,Mean%20Streets,Martin Scorsese,http://imdb.com/name/nm0000217/,Hester St. and Baxter St.<br>Little Italy<br>Manhattan,40.7185000000000,-73.9988000000000,Manhattan,Lower Manhattan,N/A,Film,http://www.imdb.com/title/tt0070379/,Hester and Baxster Streets
Men in Black,1997,Men%20in%20Black,Barry Sonnenfeld,http://imdb.com/name/nm0001756/,Battery Park<br>Lower Manhattan,40.7043591450871,-74.0147262811660,Manhattan,Lower Manhattan,N/A,Film,http://www.imdb.com/title/tt0119654/,Battery Park
Men in Black,1997,Men%20in%20Black,Barry Sonnenfeld,http://imdb.com/name/nm0001756/,MacDougal St.<br>SoHo<br>Manhattan,40.7316491301789,-73.9991319179534,Manhattan,SoHo,N/A,Film,http://www.imdb.com/title/tt0119654/,"MacDougle Street, SoHo"
Men in Black,1997,Men%20in%20Black,Barry Sonnenfeld,http://imdb.com/name/nm0001756/,Grand Central Station<br>87 E. 42nd St.<br>Manhattan,40.7524120000000,-73.9779790000000,Manhattan,Midtown,N/A,Film,http://www.imdb.com/title/tt0119654/,Grand Central Station - 42nd Street
Men in Black,1997,Men%20in%20Black,Barry Sonnenfeld,http://imdb.com/name/nm0001756/,Guggenheim Museum<br>E. 88th St. and Fifth Ave.<br>Manhattan,40.7825724148694,-73.9593493938446,Manhattan,Upper East Side,N/A,Film,http://www.imdb.com/title/tt0119654/,"Guggenheim Museum, 88th and Fifth"
Midnight Cowboy,1969,Midnight%20Cowboy,John Schlesinger,http://imdb.com/name/nm0772259/,1414 Broadway<br>Midtown<br>Manhattan,40.7537670000000,-73.9868660000000,Manhattan,Midtown,N/A,Film,http://www.imdb.com/title/tt0064665/,39th Street and Broadway
Midnight Cowboy,1968,Midnight%20Cowboy,John Schlesinger,http://imdb.com/name/nm0772259/,Times Square<br>Manhattan,40.7581965201794,-73.9851200580596,Manhattan,Times Square,N/A,Film,http://www.imdb.com/title/tt0064665/,Times Square
Mirage,1965,Mirage,Edward Dmytryk,http://imdb.com/name/nm0229424/,Fifth Ave. and 66th St.<br>Central Park<br>Manhattan,40.7687000000000,-73.9698000000000,Manhattan,Central Park,N/A,Film,http://imdb.com/title/tt0059448/,Central Park
Mo' Better Blues,1990,Mo%27%20Better%20Blues,Spike Lee,http://www.imdb.com/name/nm0000490/,Brooklyn Bridge,40.7064575206375,-73.9972758293151,Brooklyn,Brooklyn,N/A,Film,http://www.imdb.com/title/tt0100168/,Brooklyn Bridge
My Dinner with André,1991,My%20Dinner%20with%20Andr%E9,Louis Malle,http://imdb.com/name/nm0001501/,Subway ,40.7186072791303,-73.9883601665496,Manhattan,Lower East Side,The Subway,Film,http://imdb.com/title/tt0082783/,Subway 
New Jack City,1991,New%20Jack%20City,Mario Van Peebles,http://imdb.com/name/nm0005522/,Grant's Tomb<br>Harlem<br>Manhattan,40.8127049,-73.96310449,Manhattan,Harlem,N/A,Film,http://www.imdb.com/title/tt0102526/,Harlem
"Next Stop, Greenwich Village",1975,Next%20Stop%2C%20Greenwich%20Village,Paul Mazursky,http://imdb.com/name/nm0005196/,MacDougal St.<br>West Village<br>Manhattan,40.7293645516419,-74.0010362863540,Manhattan,West Village,N/A,Film,http://imdb.com/title/tt0074963/,MacDougal Street
Nighthawks,1981,Nighthawks,Bruce Malmuth,http://imdb.com/name/nm0540330/,Roosevelt Island Tramway<br>Manhattan,40.7583590557521,-73.9569461345672,Manhattan,Roosevelt Island,N/A,Film,http://www.imdb.com/title/tt0082817/,Roosevelt Island Tramway
No Way to Treat a Lady,1968,No%20Way%20to%20Treat%20a%20Lady,Jack Smight,http://imdb.com/name/nm0806915/,New York City Bus<br>Manhattan,40.7226892304649,-73.9889395236968,Manhattan,Lower East Side,N/A,Film,http://www.imdb.com/title/tt0063356/,44th St bet. 8th Avenue and Broadway
No Way to Treat a Lady,1968,No%20Way%20to%20Treat%20a%20Lady,Jack Smight,http://imdb.com/name/nm0806915/,Carmines<br>200 W. 44th St. <br>Manhattan,40.7573675825775,-73.9867079257965,Manhattan,Times Square,N/A,Film,http://www.imdb.com/title/tt0063356/,44th St bet. 8th Avenue and Broadway
North by Northwest,1959,North%20by%20Northwest,Alfred Hitchcock,http://imdb.com/name/nm0000033/,Grand Central Terminal<br>Midtown<br>Manhattan,40.7531089558720,-73.9769876003265,Manhattan,Midtown,N/A,Film,http://imdb.com/title/tt0053125/,Grand Central Station
On the Town,1949,On%20the%20Town,"Stanley Donen,Gene Kelly","http://imdb.com/name/nm0002045/,http://imdb.com/name/nm0000037/",Little Italy<br>Manhattan,40.7181356431236,-73.9979088306427,Manhattan,Lower East Side,N/A,Film,http://imdb.com/title/tt0041716/,"3 locations:
- Upper Bay
- Little Italy 
- Skating rink at Rockefeller Center"
On the Waterfront,1954,On%20the%20Waterfront,Elia Kazan,http://imdb.com/name/nm0001415/,"Hoboken, New Jersey<br>View of Manhattan",40.7471269126642,-74.0249776840209,Manhattan,New York Harbor,N/A,Film,http://imdb.com/title/tt0047296/,"Hoboken, New Jersey"
One Fine Day,1996,One%20Fine%20Day,Michael Hoffman,http://imdb.com/name/nm0001355/,Carnegie Deli<br>Seventh Ave. and W. 55th St.<br>Manhattan,40.7642000000000,-73.9810000000000,Manhattan,Midtown,N/A,Film,http://www.imdb.com/title/tt0117247/,Carnegie Deli - 7th Avenue at 55th Street
One Fine Day,1996,One%20Fine%20Day,Michael Hoffman,http://imdb.com/name/nm0001355/,Near Bethesda Fountain<br>Central Park<br>Manhattan,40.7742612395281,-73.9705234766006,Manhattan,Central Park,N/A,Film,http://www.imdb.com/title/tt0117247/,Central Park
Other People's Money,1991,Other%20People%27s%20Money,Norman Jewison,http://imdb.com/name/nm0422484/,World Trade Center<br>Lower Manhattan,40.7129230295553,-74.0131491422653,Manhattan,Lower Manhattan,N/A,Film,http://imdb.com/title/tt0102609/,World Trade Center
Pieces of April,2003,Pieces%20of%20April,Peter Hedges,http://imdb.com/name/nm0373282/,Lower East Side<br>Manhattan,40.7205700000000,-73.9859530000000,Manhattan,Lower East Side,N/A,Film,http://www.imdb.com/title/tt0311648/,Lower East Side
Plaza Suite,1971,Plaza%20Suite,Arthur Hiller,http://imdb.com/name/nm0002137/,Rockefeller Center<br>600 Fifth Ave.<br>Manhattan,40.7576030000000,-73.9781010000000,Manhattan,Midtown,N/A,Film,http://www.imdb.com/title/tt0067589/,Rockefeller Center
Prime,2005,Prime,Ben Younger,http://imdb.com/name/nm0950226/,Dean and Deluca<br>SoHo<br>Manhattan,40.7253670000000,-73.9997020000000,Manhattan,SoHo,N/A,Film,http://www.imdb.com/title/tt0387514/,"SoHo, Dean and Deluca"
Ragtime,1981,Ragtime,Milos Forman,http://imdb.com/name/nm0001232/,E. 11th St. between Ave. A and Ave. B<br>East Village<br>Manhattan,40.7279579927492,-73.9806514978408,Manhattan,East Village,Historic Recreations,Film,http://www.imdb.com/title/tt0082970/,11th Street bet Avenue A and Avenue B
Report to the Commissioner,1975,Report%20to%20the%20Commissioner,Milton Katselas,http://imdb.com/name/nm0441501/,Winter Garden Theater<br>1634 Broadway<br>Manhattan,40.7615280000000,-73.9838020000000,Manhattan,Midtown,Chases,Film,http://www.imdb.com/title/tt0073620/,"Winter Garden Theater, Saks Fifth Avenue"
Requiem for a Dream,2000,Requiem%20for%20a%20Dream,Darren Aronofsky,http://imdb.com/name/nm0004716/,Coney Island Boardwalk<br>Brooklyn,40.5722319682892,-73.9839559793472,Brooklyn,Brooklyn,N/A,Film,http://www.imdb.com/title/tt0180093/,Coney Island/Brighton Beach Boardwalk
Rosemary's Baby,1968,Rosemary%27s%20Baby,Roman Polanski,http://imdb.com/name/nm0000591/,Fifth Ave. and E. 62nd St.<br>Upper East Side<br>Manhattan,40.7661000000000,-73.9717000000000,Manhattan,Upper East Side,N/A,Film,http://www.imdb.com/title/tt0063522/,Phone Booth: Fifth Ave and 62nd Street
Rosemary's Baby,1968,Rosemary%27s%20Baby,Roman Polanski,http://imdb.com/name/nm0000591/,"The Dakota<br>72nd St. and Central Park West<br>Manhattan
",40.7763900000000,-73.9760690000000,Manhattan,Upper West Side,N/A,Film,http://www.imdb.com/title/tt0063522/,"The Dakota, 72nd Street and Central Park West"
Rosemary's Baby,1968,Rosemary%27s%20Baby,Roman Polanski,http://imdb.com/name/nm0000591/,"The Dakota<br>72nd St. and Central Park West<br>Manhattan
",40.7765605250179,-73.9761507511138,Manhattan,Upper West Side,N/A,Film,http://www.imdb.com/title/tt0063522/,"The Dakota, 72nd Street and Central Park West"
Saturday Night Fever,1977,Saturday%20Night%20Fever,John Badham,http://imdb.com/name/nm0000824/,4th Ave. and 86th St.<br>Bay Ridge<br>Brooklyn,40.6228000000000,-74.0284000000000,Brooklyn,Brooklyn,The Subway,Film,http://www.imdb.com/title/tt0076666/,"Fourth Avenue and 86th Street, Bay Ridge"
Saturday Night Fever,1977,Saturday%20Night%20Fever,John Badham,http://imdb.com/name/nm0000824/,Subway Car<br>Brooklyn,40.6260702046750,-73.9970237016677,Brooklyn,Brooklyn,The Subway,Film,http://www.imdb.com/title/tt0076666/,"Fourth Avenue and 86th Street, Bay Ridge"
Searching for Bobby Fischer,1993,Searching%20for%20Bobby%20Fischer,Steven Zaillian,http://imdb.com/name/nm0001873/,Washington Square Park<br>West Village<br>Manhattan,40.7310718953207,-73.9992874860763,Manhattan,West Village,N/A,Film,http://www.imdb.com/title/tt0108065/,Washington Square Park
Serpico,1973,Serpico,Sidney Lumet,http://imdb.com/name/nm0001486/,"Williamsburg Tenaments<br>Brooklyn
",40.7075798804205,-73.9652019739151,Brooklyn,Brooklyn,N/A,Film,http://www.imdb.com/title/tt0070666/,Williamsburgh teNaments
Sesame Street,1969-today,Sesame%20Street,"Joan Ganz Cooney,(more)","http://imdb.com/name/nm0177760/,http://www.imdb.com/title/tt0063951/fullcredits#writers",Kaufman Astoria Studios<br>Astoria<br>Queens,40.7575990000000,-73.9236710000000,Queens,Queens,N/A,TV,http://www.imdb.com/title/tt0063951/,Kaufman Astoria Studios
Sex and the City,1998-2004,Sex%20and%20the%20City,"Darren Star,(more)","http://imdb.com/name/nm0823015/,http://www.imdb.com/title/tt0159206/fullcredits#writers",Magnolia Bakery<br>401 Bleecker St.<br>Manhattan,40.7358034474271,-74.0050166845321,Manhattan,West Village,N/A,TV,http://www.imdb.com/title/tt0159206/,Magnolia Bakery: Bleeker Street
Shadows,1959,Shadows,John Cassavetes,http://imdb.com/name/nm0001023/,MoMA<br>W. 53rd St.<br>Manhattan,40.7608458,-73.97647262,Manhattan,Midtown,N/A,Film,http://imdb.com/title/tt0053270/,N/A
Shaft,1971,Shaft,Gordon Parks,http://imdb.com/name/nm0662953/,Seventh Ave. and W. 42nd St.<br>Times Square<br>Manhattan,40.7560000000000,-73.9870000000000,Manhattan,Times Square,N/A,Film,http://www.imdb.com/title/tt0067741/,7th avenue at 42nd Street
Shaft,2000,Shaft,John Singleton,http://imdb.com/name/nm0005436/,New York County Courthouse<br>60 Centre St.<br>Lower Manhattan,40.7144510000000,-74.0023290000000,Manhattan,Lower Manhattan,N/A,Film,http://www.imdb.com/title/tt0162650/,New York County Courthouse: 60 Centre St
She's the One,1996,She%27s%20the%20One,Edward Burns,http://imdb.com/name/nm0122653/,McHales Pub<br>W. 46th and Eighth Ave.<br>Manhattan,40.7597405920739,-73.9875447750091,Manhattan,Midtown,N/A,Film,http://www.imdb.com/title/tt0117628/,"McHales Pub, 46th and Columbus"
Single White Female,1992,Single%20White%20Female,Barbet Schroeder,http://imdb.com/name/nm0775447/,Ansonia Hotel<br>2109 Broadway<br>Manhattan,40.7799560000000,-73.9818810000000,Manhattan,Upper West Side,New York Landmarks,Film,http://www.imdb.com/title/tt0105414/,Ansonia Hotel - 30th Street bet 7th and 8th Aves
Six Degrees of Separation,1993,Six%20Degrees%20of%20Separation,Fred Schepisi,http://imdb.com/name/nm0770961/,Central Park<br>Manhattan,40.7715068669966,-73.9690428972244,Manhattan,Central Park,N/A,Film,http://www.imdb.com/title/tt0108149/,NEAR Fifth Ave & 70th St. in Central Park
Six Degrees of Separation,1993,Six%20Degrees%20of%20Separation,Fred Schepisi,http://imdb.com/name/nm0770961/,Metropolitan Museum of Art<br>Fifth Ave. at 82nd St.,40.7790790856402,-73.9626109600067,Manhattan,Upper East Side,New York Landmarks,Film,http://www.imdb.com/title/tt0108149/,Metropolitan Museum of Art - Fifth Avenue at 82nd St
Sleepers,1996,Sleepers,Barry Levinson,http://imdb.com/name/nm0001469/,"W. 47th St., near Pier 87<br>Manhattan",40.7646163731163,-73.9974367618560,Manhattan,Midtown,Historic Recreations,Film,http://www.imdb.com/title/tt0117665/,"West 47th Street, near Pier 87"
Sleepers,1996,Sleepers,Barry Levinson,http://imdb.com/name/nm0001469/,"W. 47th St., near Pier 87<br>Manhattan",40.7647463890479,-73.9979088306427,Manhattan,Midtown,Historic Recreations,Film,http://www.imdb.com/title/tt0117665/,"West 47th Street, near Pier 87"
Smithereens,1982,Smithereens,Susan Seidelman,http://imdb.com/name/nm0782384/,Lower East Side<br>Manhattan,40.7185400000000,-73.9891800000000,Manhattan,Lower East Side,N/A,Film,http://www.imdb.com/title/tt0084698/,Lower East Side
Smoke,1995,Smoke,Wayne Wang,http://imdb.com/name/nm0911061/,Prospect Park and 16th St.<br>Windsor Terrace<br>Brooklyn,40.6572584437698,-73.9746111631393,Brooklyn,Brooklyn,N/A,Film,http://www.imdb.com/title/tt0114478/,Prospect Park West and 16th Street in Windsor Terrace
Sophie's Choice,1982,Sophie%27s%20Choice,Alan J. Pakula,http://imdb.com/name/nm0001587/,101 Rugby Rd.<br>Brooklyn,40.6473340000000,-73.9663730000000,Brooklyn,Brooklyn,N/A,Film,http://www.imdb.com/title/tt0084707/,"101 Rugby Road, Brooklyn, NY"
Spider-Man,2002,Spider%2DMan,Sam Raimi,http://www.imdb.com/name/nm0000600/,Midtown<br>Manhattan,40.7525888,-73.97975564,Manhattan,Midtown,N/A,Film,http://www.imdb.com/title/tt0145487/,
Spider-Man,2002,Spider%2DMan,Sam Raimi,http://www.imdb.com/name/nm0000600/,Midtown<br>Manhattan,40.75668492,-73.97855401,Manhattan,Midtown,N/A,Film,http://www.imdb.com/title/tt0145487/,
Spider-Man,2002,Spider%2DMan,Sam Raimi,http://www.imdb.com/name/nm0000600/,Sunnyside<br>Queens,40.7482323307470,-73.9139986038208,Queens,Queens,N/A,Film,http://www.imdb.com/title/tt0145487/,Sunnyside
Splash,1984,Splash,Ron Howard,http://imdb.com/name/nm0000165/,Pier 17<br>Manhattan,40.7046844789603,-74.0020716190338,Manhattan,Lower Manhattan,N/A,Film,http://www.imdb.com/title/tt0088161/,Pier 17
State of Grace,1990,State%20of%20Grace,Phil Joanou,http://imdb.com/name/nm0423333/,Hell's Kitchen<br>Manhattan,40.7603744638357,-73.9912569522857,Manhattan,Upper West Side,N/A,Film,http://imdb.com/title/tt0100685/,Hell's Kitchen
Sugar Hill,1994,Sugar%20Hill,Leon Ichaso,http://imdb.com/name/nm0406687/,Edgecomb Ave.<br>Harlem<br>Manhattan,40.8294302441349,-73.9396405220031,Manhattan,Harlem,N/A,Film,http://www.imdb.com/title/tt0107079/,"Edgecomb Avenue, Harlem"
Summer of Sam,1999,Summer%20of%20Sam,Spike Lee,http://www.imdb.com/name/nm0000490/,"CBGB's <br>315 Bowery (at Bleecker)<br>East Village, Manhattan",40.7250340000000,-73.9920670000000,Manhattan,SoHo,N/A,Film,http://www.imdb.com/title/tt0162677/,CBGB's 315 Bowery
Sweet Home Alabama,2002,Sweet%20Home%20Alabama,Andy Tennant,http://imdb.com/name/nm0855035/,Tiffany & Co.<br>727 Fifth Ave.<br>Manhattan,40.7627961233669,-73.9738762378692,Manhattan,Midtown,N/A,Film,http://www.imdb.com/title/tt0256415/,Tiffany & Co. - 727 Fifth Avenue at 57th Street
Sweet November,1968,Sweet%20November,Robert Ellis Miller,http://imdb.com/name/nm0589228/,Remsen St. and Montague Terrace<br>Brooklyn Heights<br>Brooklyn,40.6950000000000,-73.9977000000000,Brooklyn,Brooklyn,N/A,Film,http://www.imdb.com/title/tt0063661/,Brooklyn Height Promenade: Remsen St. and Montague Terrace
Sweet Smell of Success,1957,Sweet%20Smell%20of%20Success,Alexandre Mackenrick,http://imdb.com/name/nm0533241/,Manhattan ,40.7577983063470,-73.9755660295486,Manhattan,Midtown,N/A,Film,http://imdb.com/title/tt0051036/,Manhattan 
Taxi Driver,1976,Taxi%20Driver,Martin Scorsese,http://imdb.com/name/nm0000217/,E. 12th St. and Third Ave.<br>East Village<br>Manhattan,40.7320000000000,-73.9882000000000,Manhattan,East Village,N/A,Film,http://www.imdb.com/title/tt0075314/,12th Street off Third Avenue
Taxi Driver,1976,Taxi%20Driver,Martin Scorsese,http://imdb.com/name/nm0000217/,Bellmore Cafeteria<br>Park Ave. South and E. 28th St.<br>Manhattan,40.7433500000000,-73.9840500000000,Manhattan,Midtown,N/A,Film,http://www.imdb.com/title/tt0075314/,"Bellmore Cafeteria, Park Avenue South at 28th St"
Taxi Driver,1976,Taxi%20Driver,Martin Scorsese,http://imdb.com/name/nm0000217/,Columbus Ave. and E. 86th St.<br>Upper West Side<br>Manhattan,40.7865000000000,-73.9722000000000,Manhattan,Upper West Side,N/A,Film,http://www.imdb.com/title/tt0075314/,Near Columbus Ave and 86th Street
The Anderson Tapes,1971,The%20Anderson%20Tapes,Sidney Lumet,http://imdb.com/name/nm0001486/,E. 91st St. and Fifth Ave.<br>Upper East Side<br>Manhattan,40.7847000000000,-73.9581000000000,Manhattan,Upper East Side,N/A,Film,http://www.imdb.com/title/tt0066767/,91st street and Fifth Avenue
The April Fools,1969,The%20April%20Fools,Stuart Rosenberg,http://imdb.com/name/nm0742341/,Marine Midlane Bank<br>140 Broadway<br>Lower Manhattan,40.7089720000000,-74.0105180000000,Manhattan,Lower Manhattan,N/A,Film,http://www.imdb.com/title/tt0064036/,Marine Midlane Bank building 140 Broadway bet Liberty st and Ceder st
The April Fools,1969,The%20April%20Fools,Stuart Rosenberg,http://imdb.com/name/nm0742341/,Central Park<br>Manhattan,40.7732618786226,-73.9711081981658,Manhattan,Central Park,N/A,Film,http://www.imdb.com/title/tt0064036/,Central Park near Naumberg Bandshell seating
The Basketball Diaries ,1995,The%20Basketball%20Diaries%20,Scott Kalvert,http://imdb.com/name/nm0436284/,Forest Hills,40.7294030000000,-73.8454550000000,Queens,Queens,New York Moments,Film,http://imdb.com/title/tt0112461/,N/A
The Bonfire of the Vanities,1990,The%20Bonfire%20of%20the%20Vanities,Brian De Palma,http://imdb.com/name/nm0000361/,E. 74th St. and Park Ave.<br>Upper East Side<br>Manhattan,40.7724500000000,-73.9629000000000,Manhattan,Upper East Side,N/A,Film,http://www.imdb.com/title/tt0099165/,74th street and Park Avenue
The Brother from Another Planet,1984,The%20Brother%20from%20Another%20Planet,John Sayles,http://imdb.com/name/nm0000626/,Ellis Island<br>New York Harbor,40.6973640824354,-74.0411996841430,Manhattan,New York Harbor,N/A,Film,http://www.imdb.com/title/tt0087004/,New York Bay - Ellis Island
The Brothers McMullen,1995,The%20Brothers%20McMullen,Edward Burns,http://imdb.com/name/nm0122653/,W. 46th St. and Eighth Ave.<br>Midtown<br>Manhattan,40.7598000000000,-73.9879000000000,Manhattan,Midtown,N/A,Film,http://www.imdb.com/title/tt0112585/,46th and 8th Avenue
The Cotton Club,1984,The%20Cotton%20Club,Francis Ford Coppola,http://imdb.com/name/nm0000338/,E. 6th St. between First Ave. & Ave. A<br>East Village<br>Manhattan,40.7259741250466,-73.9851897954940,Manhattan,East Village,N/A,Film,http://imdb.com/title/tt0087089/,6th St. between 1st Ave and Avenue A
The Cowboy Way,1994,The%20Cowboy%20Way,Gregg Champion,http://imdb.com/name/nm0150707/,Manhattan Bridge,40.7094016415368,-73.9918309450149,Manhattan,Lower Manhattan,Chases,Film,http://www.imdb.com/title/tt0109493/,Manhattan Bridge
The Devil's Advocate,1997,The%20Devil%27s%20Advocate,Taylor Hackford,http://www.imdb.com/name/nm0000431/,Chinatown<br>Manhattan,40.7150048711311,-73.9988690614700,Manhattan,Chinatown,Rooftops,Film,http://www.imdb.com/title/tt0118971/,Chinatown
The Fisher King,1991,The%20Fisher%20King,Terry Gilliam,http://imdb.com/name/nm0000416/,Grand Central Station<br>87 E. 42nd St.<br>Manhattan,40.7527025841052,-73.9772665500640,Manhattan,Midtown,New York Landmarks,Film,http://www.imdb.com/title/tt0101889/,Grand Central Station - 42nd Street
The French Connection,1971,The%20French%20Connection,William Friedkin,http://imdb.com/name/nm0001243/,Bay 50th St. Station<br>Brooklyn,40.5886022710420,-73.9837574958801,Brooklyn,Brooklyn,Chases,Film,http://www.imdb.com/title/tt0067116/,86th Street from Bay 50th St. Station to 62nd St Station
The Godfather Part II,1974,The%20Godfather%20Part%20II,Francis Ford Coppola,http://www.imdb.com/name/nm0000338/,E. 6th St. and Ave. A<br>East Village<br>Manhattan,40.72539684,-73.98378432,Manhattan,East Village,N/A,Film,http://www.imdb.com/title/tt0071562/,
The Honeymooners,1955-1956,The%20Honeymooners,Frank Satenstein,http://imdb.com/name/nm0766129/,358 Chauncy St.<br>Bensonhurst<br>Brooklyn,40.6815010000000,-73.9187530000000,Brooklyn,Brooklyn,N/A,TV,http://www.imdb.com/title/tt0042114/,"358 Chauncy Street, Bensonhurst"
The Hours,2002,The%20Hours,Stephen Daldry,http://imdb.com/name/nm0197636/,W. 14th St. and Hudson St.<br>West Village<br>Manhattan,40.7405915656527,-74.0054619312286,Manhattan ,West Village,N/A,Film,http://imdb.com/title/tt0274558/,Greenwich Village flower shop
The Interpreter,2005,The%20Interpreter,Sydney Pollack,http://imdb.com/name/nm0001628/,United Nations<br>First Ave. and E. 45th St.<br>Manhattan,40.7506706880159,-73.9679539203643,Manhattan,Midtown,N/A,Film,http://www.imdb.com/title/tt0373926/,United nations
The Landlord,1970,The%20Landlord,Hal Ashby,http://imdb.com/name/nm0000797/,51 Prospect Pl.<br>Brooklyn,40.6796209846076,-73.9760380983352,Brooklyn,Brooklyn,N/A,Film,http://www.imdb.com/title/tt0065963/,"51 Prospect Place, off Sixth Avenue"
The Landlord,1970,The%20Landlord,Hal Ashby,http://imdb.com/name/nm0000797/,51 Prospect Pl.<br>Brooklyn,40.6797280000000,-73.9759740000000,Brooklyn,Brooklyn,N/A,Film,http://www.imdb.com/title/tt0065963/,"51 Prospect Place, off Sixth Avenue"
The Late Show with David Letterman,1993-?,The%20Late%20Show%20with%20David%20Letterman,"Jerry Foley,Randi Grossack,(more)","http://imdb.com/name/nm0284159/,http://www.imdb.com/name/nm0343522/,http://www.imdb.com/title/tt0106053/fullcredits#directors",Ed Sullivan Theatre<br>1697 Broadway<br>Manhattan,40.7637190000000,-73.9828330000000,Manhattan,Midtown,N/A,TV,http://www.imdb.com/title/tt0106053/,1697 Broadway
The Lost Weekend,1945,The%20Lost%20Weekend,Billy Wilder,http://imdb.com/name/nm0000697/,Third Ave. from E. 55th to 110th St.<br>Upper East Side to E. Harlem<br>Manhattan,40.7590000000000,-73.9685000000000,Manhattan,Upper East Side,N/A,Film,http://imdb.com/title/tt0037884/,"Third Avenue from 55th to 110th Street,"
The Naked City,1948,The%20Naked%20City,Jules Dassin,http://imdb.com/name/nm0202088/,Williamsburg Bridge<br>Brooklyn,40.7113209430845,-73.9645743370056,Brooklyn,Brooklyn,N/A,Film,http://imdb.com/title/tt0040636/,Williamsburg Bridge
The Night They Raided Minsky's ,1968,The%20Night%20They%20Raided%20Minsky%27s%20,William Friedkin,http://imdb.com/name/nm0001243/,"E. 26th St. near Second Ave.<br>Manhattan
",40.7397010000000,-73.9789350000000,Manhattan,Midtown,Historic Recreations,Film,http://www.imdb.com/title/tt0063348/,26th Street bet First and Second Aves.
The Out-of-Towners,1970,The%20Out%2Dof%2DTowners,Arthur Hiller,http://imdb.com/name/nm0002137/,Central Park<br>Manhattan,40.7897047351501,-73.9606583118438,Manhattan,Central Park,N/A,Film,http://www.imdb.com/title/tt0066193/,Central Park
The Panic in Needle Park,1971,The%20Panic%20in%20Needle%20Park,Jerry Schatzberg,http://imdb.com/name/nm0770234/,W. 72nd St. and Broadway<br>Upper West Side<br>Manhattan,40.7788000000000,-73.9821000000000,Manhattan,Upper West Side,N/A,Film,http://www.imdb.com/title/tt0067549/,72nd street and Broadway
The Pawnbroker,1965,The%20Pawnbroker,Sidney Lumet,http://imdb.com/name/nm0001486/,Park Ave. and E. 116th St.<br>Harlem<br>Manhattan,40.7993500000000,-73.9432500000000,Manhattan,Harlem,N/A,Film,http://imdb.com/title/tt0059575/,Park Avenue and 116th Street
The Pickle ,1993,The%20Pickle%20,Paul Mazursky,http://imdb.com/name/nm0005196/,Brighton Beach Boardwalk<br>Brooklyn,40.5748886461028,-73.9637643098831,Brooklyn,Brooklyn,N/A,Film,http://www.imdb.com/title/tt0107824/,Brighton Beach Boardwalk
The Pick-Up Artist,1984,The%20Pick%2DUp%20Artist,James Toback,http://imdb.com/name/nm0864812/,Columbus Ave. near W. 75th St.<br>Upper West Side<br>Manhattan,40.7794000000000,-73.9774000000000,Manhattan,Upper West Side,N/A,Film,http://www.imdb.com/title/tt0093737/,Columbus Ave near 75th Street
The Prisoner of Second Avenue,1975,The%20Prisoner%20of%20Second%20Avenue,Melvin Frank,http://imdb.com/name/nm0291035/,Second Ave. and E. 87th St.<br>Upper East Side<br>Manhattan,40.7786000000000,-73.9513000000000,Manhattan,Upper East Side,N/A,Film,http://www.imdb.com/title/tt0072034/,2nd Avenue at 87th Street
The Producers,1968,The%20Producers,Mel Brooks,http://imdb.com/name/nm0000316/,East 80's<br>Upper East Side<br>Manhattan,40.7770804937423,-73.9539206027984,Manhattan,Upper East Side,N/A,Film,http://www.imdb.com/title/tt0063462/,Lincoln Center - Columbus Avenue & 61st Street
The Producers,1968,The%20Producers,Mel Brooks,http://imdb.com/name/nm0000316/,Lincoln Center Plaza<br>Upper West Side<br>Manhattan,40.7723437533226,-73.9834195375442,Manhattan,Upper West Side,N/A,Film,http://www.imdb.com/title/tt0063462/,Lincoln Center - Columbus Avenue & 61st Street
The Producers,2005,The%20Producers,Susan Stroman,http://imdb.com/name/nm0834893/,Lincoln Center Plaza<br>Upper West Side<br>Manhattan,40.7721487516255,-73.9831942319869,Manhattan,Upper West Side,N/A,Film,http://www.imdb.com/title/tt0395251/,Lincoln Center Plaza
The Professional,1994,The%20Professional,Luc Besson,http://imdb.com/name/nm0000108/,Manhattan,40.75421427,-73.96904826,Manhattan,Midtown,New York Moments,Film,http://imdb.com/title/tt0110413/,N/A
The Royal Tenenbaums,2001,The%20Royal%20Tenenbaums,Wes Anderson,http://imdb.com/name/nm0027572/,Convent Ave. and 144th St.<br>Hamilton Heights<br>Manhattan,40.8240000000000,-73.9467000000000,Manhattan,Harlem,N/A,Film,http://www.imdb.com/title/tt0265666/,"Covent Avenue and 144th Street, Hamilton Heights"
The Seven Year Itch,1955,The%20Seven%20Year%20Itch,Billy Wilder,http://imdb.com/name/nm0000697/,Lexington Ave. between 51st St. and 52nd St.<br>Midtown<br>Manhattan,40.7574488514269,-73.9716392755508,Manhattan,Midtown,N/A,Film,http://imdb.com/title/tt0048605/,Lexington Avenue between 51st and 52nd Streets
The Siege,1998,The%20Siege,Edward Zwick,http://imdb.com/name/nm0001880/,Greenpoint<br>Brooklyn,40.7302507497813,-73.9543604850769,Brooklyn,Brooklyn,N/A,Film,http://www.imdb.com/title/tt0133952/,"Brooklyn Bridge, Greenpooint"
The Sopranos,1999-2007,The%20Sopranos,"David Chase,(more)","http://imdb.com/name/nm0153740/,http://imdb.com/title/tt0141842/fullcredits#writers","Empire Stores Park<br>Brooklyn Bridge
",40.7040890000000,-73.9936170000000,Brooklyn,Brooklyn,N/A,TV,http://www.imdb.com/title/tt0141842/,F.A.O. Schwarz - 58th and Fifth Avenue
The Squid and the Whale,2005,The%20Squid%20and%20the%20Whale,Noah Baumbach,http://imdb.com/name/nm0000876/,Museum of Natural History<br>W. 79th St. and Central Park West<br>Manhattan,40.7809963774517,-73.9724546670913,Manhattan,Upper West Side,N/A,Film,http://www.imdb.com/title/tt0367089/,Museum of natural History 81st and Central Park West
The Taking of Pelham One Two Three,1974,The%20Taking%20of%20Pelham%20One%20Two%20Three,Joseph Sargent,http://imdb.com/name/nm0765121/,Subway near Court St.<br>Brooklyn,40.6930772101225,-73.9907366037368,Brooklyn,Brooklyn,N/A,Film,http://www.imdb.com/title/tt0072251/,Subway near Court St.
The Warriors,1979,The%20Warriors,Walter Hill,http://imdb.com/name/nm0001353/,Astroland<br>Coney Island <br>Brooklyn,40.5746441709563,-73.9788597822189,Brooklyn,Brooklyn,The Subway,Film,http://www.imdb.com/title/tt0080120/,Coney Island boardwalk
The Warriors,1979,The%20Warriors,Walter Hill,http://imdb.com/name/nm0001353/,Subway Car<br>Coney Island<br>Brooklyn,40.5757606001838,-73.9812737703323,Brooklyn,Brooklyn,The Subway,Film,http://www.imdb.com/title/tt0080120/,Coney Island boardwalk
The Wiz,1978,The%20Wiz,Sidney Lumet,http://imdb.com/name/nm0001486/,World Trade Center<br>Lower Manhattan,40.7109224485850,-74.0140503644943,Manhattan,Lower Manhattan,N/A,Film,http://www.imdb.com/title/tt0078504/,World Trade Center
The Wrong Man,1956,The%20Wrong%20Man,Alfred Hitchcock,http://imdb.com/name/nm0000033/,Subway at 53rd St. and Fifth Ave.<br>Midtown<br>Manhattan,40.7605044880654,-73.9754641056060,Manhattan,Midtown,N/A,Film,http://imdb.com/title/tt0051207/,Subway at 53rd Street and Fifth Avenue
Three Days of the Condor,1975,Three%20Days%20of%20the%20Condor,Sydney Pollack,http://imdb.com/name/nm0001628/,Riverside Drive<br>Upper West Side<br>Manhattan,40.8143126677903,-73.9618599414825,Manhattan,Harlem,N/A,Film,http://www.imdb.com/title/tt0073802/,North of 124th Street and Riverside Drive
Times Square,1980,Times%20Square,Allan Moyle,http://imdb.com/name/nm0610496/,W. 42nd St. between Seventh Ave. and Eighth Ave.<br>Times Square<br>Manhattan,40.7566849203205,-73.9884245395660,Manhattan,Times Square,N/A,Film,http://www.imdb.com/title/tt0081635/,Times Square
Tootsie,1982,Tootsie,Sydney Pollack,http://imdb.com/name/nm0001628/,W. 42nd between Ninth Ave. and Tenth Ave.<br>Midtown<br>Manhattan,40.7591879809907,-73.9947760105133,Manhattan,Midtown,N/A,Film,http://www.imdb.com/title/tt0084805/,42nd between 9th and 10th Aves
Two for the Seesaw,1962,Two%20for%20the%20Seesaw,"Robert Wise
",http://imdb.com/name/nm0936404/,Brooklyn Bridge,40.7056930038681,-73.9963048696517,Manhattan,Lower Manhattan,N/A,Film,http://www.imdb.com/title/tt0056626/,Brooklyn Bridge
Up the Down Staircase,1967,Up%20the%20Down%20Staircase,Robert Mulligan,http://imdb.com/name/nm0612322/,East Harlem (El Barrio)<br>Manhattan,40.7979246369325,-73.9422154426574,Manhattan,Harlem,N/A,Film,http://www.imdb.com/title/tt0062425/,East Harlem (El Barrio)
Up the Sandbox,1972,Up%20the%20Sandbox,Irvin Kershner,http://imdb.com/name/nm0449984/,Carousel<br>Central Park<br>Manhattan,40.7705643416205,-73.9775240421295,Manhattan,Central Park,N/A,Film,http://www.imdb.com/title/tt0069449/,Central Park
Up the Sandbox,1972,Up%20the%20Sandbox,Irvin Kershner,http://imdb.com/name/nm0449984/,Riverside Park near W. 109th St.<br>Morningside Heights<br>Manhattan,40.8051690029546,-73.9692091941833,Manhattan,Morningside Heights,N/A,Film,http://www.imdb.com/title/tt0069449/,Riverside Park
Uptown Girls,2003,Uptown%20Girls,Boaz Yakin,http://imdb.com/name/nm0945026/,Astroland<br>Coney Island <br>Brooklyn,40.5740248299205,-73.9788812398910,Brooklyn,Brooklyn,N/A,Film,http://www.imdb.com/title/tt0263757/,Coney Island
Vanilla Sky,2001,Vanilla%20Sky,Cameron Crowe,http://imdb.com/name/nm0001081/,W. 45th St. and Seventh Ave.<br>Times Square<br>Manhattan,40.7578714478420,-73.9853990077972,Manhattan,Times Square,N/A,Film,http://www.imdb.com/title/tt0259711/,Times Square
Wall Street,1987,Wall%20Street,Oliver Stone,http://imdb.com/name/nm0000231/,New York Stock Exchange<br>Exchange Place<br>Lower Manhattan,40.7060508638740,-74.0105634927749,Manhattan,Lower Manhattan,New York Landmarks,Film,http://www.imdb.com/title/tt0094291/,New York Stock Exchange - Exchange place near broadway
Wall Street,1987,Wall%20Street,Oliver Stone,http://imdb.com/name/nm0000231/,Broadway and Vesey St.,40.7114000000000,-74.0086000000000,Manhattan,Lower Manhattan,N/A,Film,http://www.imdb.com/title/tt0094291/,Broadway and Vesey Street
West Side Story,1961,West%20Side%20Story,"Robert Wise,Jerome Robbins","http://imdb.com/name/nm0936404/,http://imdb.com/name/nm0730385/",W. 68th St.<br>Upper West Side<br>Manhattan,40.7762192933307,-73.9839184284210,Manhattan,Upper West Side,N/A,Film,http://imdb.com/title/tt0055614/,West 68th Street
West Side Story,1961,West%20Side%20Story,"Robert Wise,Jerome Robbins","http://imdb.com/name/nm0936404/,http://imdb.com/name/nm0730385/",W. 68th St.<br>Upper West Side<br>Manhattan,40.7765117777413,-73.9851200580596,Manhattan,Upper West Side,N/A,Film,http://imdb.com/title/tt0055614/,West 68th Street
When Harry Met Sally,1989,When%20Harry%20Met%20Sally%85,Rob Reiner,http://www.imdb.com/name/nm0001661/,Katz's Deli<br>205 E. Houston St.<br>Manhattan,40.7223220000000,-73.9874330000000,Manhattan,Lower East Side,N/A,Film,http://www.imdb.com/title/tt0098635/,Katz's Deli - Houston Street at Ludlow St
When Harry Met Sally,1989,When%20Harry%20Met%20Sally%85,Rob Reiner,http://www.imdb.com/name/nm0001661/,Washington Square Park<br>West Village<br>Manhattan,40.7311369361184,-73.9971846342086,Manhattan,West Village,N/A,Film,http://www.imdb.com/title/tt0098635/,Washington Square Park
Wolfen,1981,Wolfen,Michael Wadleigh,http://imdb.com/name/nm0905579/,World Trade Center<br>Lower Manhattan,40.7101335850935,-74.0126770734786,Manhattan,Lower Manhattan,N/A,Film,http://www.imdb.com/title/tt0083336/,World Trade Center
Wolfen,1981,Wolfen,Michael Wadleigh,http://imdb.com/name/nm0905579/,Manhattan Bridge,40.7082305151118,-73.9911764860153,Manhattan ,Lower Manhattan,N/A,Film,http://www.imdb.com/title/tt0083336/,Manhattan Bridge
Wolfen,1981,Wolfen,Michael Wadleigh,http://imdb.com/name/nm0905579/,Charlotte St.<br>The Bronx,40.8347879563951,-73.8921225070953,The Bronx,The Bronx,N/A,Film,http://www.imdb.com/title/tt0083336/,Charlotte Street near 172nd Street
Working Girl,1988,Working%20Girl,Mike Nichols,http://imdb.com/name/nm0001566/,Staten Island Ferry<br>New York Harbor,40.6823303463911,-74.0357494354248,Staten Island,Staten Island,N/A,Film,http://www.imdb.com/title/tt0096463/,Staten Island Ferry - crossing the upper bay
You're a Big Boy Now,1966,You%27re%20a%20Big%20Boy%20Now,Francis Ford Coppola,http://imdb.com/name/nm0000338/,Steeplechase Park<br>Coney Island<br>Brooklyn,40.5747256627710,-73.9803296327590,Brooklyn,Brooklyn,N/A,Film,http://www.imdb.com/title/tt0061209/,"Steeplechase Park, Coney Island"
You're a Big Boy Now,1966,You%27re%20a%20Big%20Boy%20Now,Francis Ford Coppola,http://imdb.com/name/nm0000338/,"New York Public Library<br>Fifth Ave. and 41st St.<br>Manhattan
",40.7528651331099,-73.9815366268157,Manhattan,Midtown,N/A,Film,http://www.imdb.com/title/tt0061209/,"New York Public Library, Fifth ave bt 41st and 42nd"
You've Got Mail,1998,You%27ve%20Got%20Mail,Nora Ephron,http://imdb.com/name/nm0001188/,Verdi Square<br>W. 73rd St.  & Broadway<br>Manhattan,40.7792578185718,-73.9815366268157,Manhattan,Upper West Side,N/A,Film,http://www.imdb.com/title/tt0128853/,Verdi Square
You've Got Mail,1998,You%27ve%20Got%20Mail,Nora Ephron,http://imdb.com/name/nm0001188/,91st Street Community Garden<br>Riverside Park<br>Manhattan,40.7928238690811,-73.9774167537689,Manhattan,Upper West Side,N/A,Film,http://www.imdb.com/title/tt0128853/,91st Street Community Garden
